user_id,username,password
1,1,password123
2,2,password123
3,3,password123
4,4,password123
5,5,password123
6,6,password123
7,7,password123
8,8,password123
9,9,password123
10,10,password123
11,11,password123
12,12,password123
13,13,password123
14,14,password123
15,15,password123
16,16,password123
17,17,password123
18,18,password123
19,19,password123
20,20,password123
21,21,password123
22,22,password123
23,23,password123
24,24,password123
25,25,password123
26,26,password123
27,27,password123
28,28,password123
29,29,password123
30,30,password123
31,31,password123
32,32,password123
33,33,password123
34,34,password123
35,35,password123
36,36,password123
37,37,password123
38,38,password123
39,39,password123
40,40,password123
41,41,password123
42,42,password123
43,43,password123
44,44,password123
45,45,password123
46,46,password123
47,47,password123
48,48,password123
49,49,password123
50,50,password123
51,51,password123
52,52,password123
53,53,password123
54,54,password123
55,55,password123
56,56,password123
57,57,password123
58,58,password123
59,59,password123
60,60,password123
61,61,password123
62,62,password123
63,63,password123
64,64,password123
65,65,password123
66,66,password123
67,67,password123
68,68,password123
69,69,password123
70,70,password123
71,71,password123
72,72,password123
73,73,password123
74,74,password123
75,75,password123
76,76,password123
77,77,password123
78,78,password123
79,79,password123
80,80,password123
81,81,password123
82,82,password123
83,83,password123
84,84,password123
85,85,password123
86,86,password123
87,87,password123
88,88,password123
89,89,password123
90,90,password123
91,91,password123
92,92,password123
93,93,password123
94,94,password123
95,95,password123
96,96,password123
97,97,password123
98,98,password123
99,99,password123
100,100,password123
101,101,password123
102,102,password123
103,103,password123
104,104,password123
105,105,password123
106,106,password123
107,107,password123
108,108,password123
109,109,password123
110,110,password123
111,111,password123
112,112,password123
113,113,password123
114,114,password123
115,115,password123
116,116,password123
117,117,password123
118,118,password123
119,119,password123
120,120,password123
121,121,password123
122,122,password123
123,123,password123
124,124,password123
125,125,password123
126,126,password123
127,127,password123
128,128,password123
129,129,password123
130,130,password123
131,131,password123
132,132,password123
133,133,password123
134,134,password123
135,135,password123
136,136,password123
137,137,password123
138,138,password123
139,139,password123
140,140,password123
141,141,password123
142,142,password123
143,143,password123
144,144,password123
145,145,password123
146,146,password123
147,147,password123
148,148,password123
149,149,password123
150,150,password123
151,151,password123
152,152,password123
153,153,password123
154,154,password123
155,155,password123
156,156,password123
157,157,password123
158,158,password123
159,159,password123
160,160,password123
161,161,password123
162,162,password123
163,163,password123
164,164,password123
165,165,password123
166,166,password123
167,167,password123
168,168,password123
169,169,password123
170,170,password123
171,171,password123
172,172,password123
173,173,password123
174,174,password123
175,175,password123
176,176,password123
177,177,password123
178,178,password123
179,179,password123
180,180,password123
181,181,password123
182,182,password123
183,183,password123
184,184,password123
185,185,password123
186,186,password123
187,187,password123
188,188,password123
189,189,password123
190,190,password123
191,191,password123
192,192,password123
193,193,password123
194,194,password123
195,195,password123
196,196,password123
197,197,password123
198,198,password123
199,199,password123
200,200,password123
201,201,password123
202,202,password123
203,203,password123
204,204,password123
205,205,password123
206,206,password123
207,207,password123
208,208,password123
209,209,password123
210,210,password123
211,211,password123
212,212,password123
213,213,password123
214,214,password123
215,215,password123
216,216,password123
217,217,password123
218,218,password123
219,219,password123
220,220,password123
221,221,password123
222,222,password123
223,223,password123
224,224,password123
225,225,password123
226,226,password123
227,227,password123
228,228,password123
229,229,password123
230,230,password123
231,231,password123
232,232,password123
233,233,password123
234,234,password123
235,235,password123
236,236,password123
237,237,password123
238,238,password123
239,239,password123
240,240,password123
241,241,password123
242,242,password123
243,243,password123
244,244,password123
245,245,password123
246,246,password123
247,247,password123
248,248,password123
249,249,password123
250,250,password123
251,251,password123
252,252,password123
253,253,password123
254,254,password123
255,255,password123
256,256,password123
257,257,password123
258,258,password123
259,259,password123
260,260,password123
261,261,password123
262,262,password123
263,263,password123
264,264,password123
265,265,password123
266,266,password123
267,267,password123
268,268,password123
269,269,password123
270,270,password123
271,271,password123
272,272,password123
273,273,password123
274,274,password123
275,275,password123
276,276,password123
277,277,password123
278,278,password123
279,279,password123
280,280,password123
281,281,password123
282,282,password123
283,283,password123
284,284,password123
285,285,password123
286,286,password123
287,287,password123
288,288,password123
289,289,password123
290,290,password123
291,291,password123
292,292,password123
293,293,password123
294,294,password123
295,295,password123
296,296,password123
297,297,password123
298,298,password123
299,299,password123
300,300,password123
301,301,password123
302,302,password123
303,303,password123
304,304,password123
305,305,password123
306,306,password123
307,307,password123
308,308,password123
309,309,password123
310,310,password123
311,311,password123
312,312,password123
313,313,password123
314,314,password123
315,315,password123
316,316,password123
317,317,password123
318,318,password123
319,319,password123
320,320,password123
321,321,password123
322,322,password123
323,323,password123
324,324,password123
325,325,password123
326,326,password123
327,327,password123
328,328,password123
329,329,password123
330,330,password123
331,331,password123
332,332,password123
333,333,password123
334,334,password123
335,335,password123
336,336,password123
337,337,password123
338,338,password123
339,339,password123
340,340,password123
341,341,password123
342,342,password123
343,343,password123
344,344,password123
345,345,password123
346,346,password123
347,347,password123
348,348,password123
349,349,password123
350,350,password123
351,351,password123
352,352,password123
353,353,password123
354,354,password123
355,355,password123
356,356,password123
357,357,password123
358,358,password123
359,359,password123
360,360,password123
361,361,password123
362,362,password123
363,363,password123
364,364,password123
365,365,password123
366,366,password123
367,367,password123
368,368,password123
369,369,password123
370,370,password123
371,371,password123
372,372,password123
373,373,password123
374,374,password123
375,375,password123
376,376,password123
377,377,password123
378,378,password123
379,379,password123
380,380,password123
381,381,password123
382,382,password123
383,383,password123
384,384,password123
385,385,password123
386,386,password123
387,387,password123
388,388,password123
389,389,password123
390,390,password123
391,391,password123
392,392,password123
393,393,password123
394,394,password123
395,395,password123
396,396,password123
397,397,password123
398,398,password123
399,399,password123
400,400,password123
401,401,password123
402,402,password123
403,403,password123
404,404,password123
405,405,password123
406,406,password123
407,407,password123
408,408,password123
409,409,password123
410,410,password123
411,411,password123
412,412,password123
413,413,password123
414,414,password123
415,415,password123
416,416,password123
417,417,password123
418,418,password123
419,419,password123
420,420,password123
421,421,password123
422,422,password123
423,423,password123
424,424,password123
425,425,password123
426,426,password123
427,427,password123
428,428,password123
429,429,password123
430,430,password123
431,431,password123
432,432,password123
433,433,password123
434,434,password123
435,435,password123
436,436,password123
437,437,password123
438,438,password123
439,439,password123
440,440,password123
441,441,password123
442,442,password123
443,443,password123
444,444,password123
445,445,password123
446,446,password123
447,447,password123
448,448,password123
449,449,password123
450,450,password123
451,451,password123
452,452,password123
453,453,password123
454,454,password123
455,455,password123
456,456,password123
457,457,password123
458,458,password123
459,459,password123
460,460,password123
461,461,password123
462,462,password123
463,463,password123
464,464,password123
465,465,password123
466,466,password123
467,467,password123
468,468,password123
469,469,password123
470,470,password123
471,471,password123
472,472,password123
473,473,password123
474,474,password123
475,475,password123
476,476,password123
477,477,password123
478,478,password123
479,479,password123
480,480,password123
481,481,password123
482,482,password123
483,483,password123
484,484,password123
485,485,password123
486,486,password123
487,487,password123
488,488,password123
489,489,password123
490,490,password123
491,491,password123
492,492,password123
493,493,password123
494,494,password123
495,495,password123
496,496,password123
497,497,password123
498,498,password123
499,499,password123
500,500,password123
501,501,password123
502,502,password123
503,503,password123
504,504,password123
505,505,password123
506,506,password123
507,507,password123
508,508,password123
509,509,password123
510,510,password123
511,511,password123
512,512,password123
513,513,password123
514,514,password123
515,515,password123
516,516,password123
517,517,password123
518,518,password123
519,519,password123
520,520,password123
521,521,password123
522,522,password123
523,523,password123
524,524,password123
525,525,password123
526,526,password123
527,527,password123
528,528,password123
529,529,password123
530,530,password123
531,531,password123
532,532,password123
533,533,password123
534,534,password123
535,535,password123
536,536,password123
537,537,password123
538,538,password123
539,539,password123
540,540,password123
541,541,password123
542,542,password123
543,543,password123
544,544,password123
545,545,password123
546,546,password123
547,547,password123
548,548,password123
549,549,password123
550,550,password123
551,551,password123
552,552,password123
553,553,password123
554,554,password123
555,555,password123
556,556,password123
557,557,password123
558,558,password123
559,559,password123
560,560,password123
561,561,password123
562,562,password123
563,563,password123
564,564,password123
565,565,password123
566,566,password123
567,567,password123
568,568,password123
569,569,password123
570,570,password123
571,571,password123
572,572,password123
573,573,password123
574,574,password123
575,575,password123
576,576,password123
577,577,password123
578,578,password123
579,579,password123
580,580,password123
581,581,password123
582,582,password123
583,583,password123
584,584,password123
585,585,password123
586,586,password123
587,587,password123
588,588,password123
589,589,password123
590,590,password123
591,591,password123
592,592,password123
593,593,password123
594,594,password123
595,595,password123
596,596,password123
597,597,password123
598,598,password123
599,599,password123
600,600,password123
601,601,password123
602,602,password123
603,603,password123
604,604,password123
605,605,password123
606,606,password123
607,607,password123
608,608,password123
609,609,password123
610,610,password123
611,611,123
612,1234,1234
